Workbook

Sheet Dashboard Exécutif
A1: HÔTEL LE RIVAGE ★★★★★ - NICE PROMENADE DES ANGLAIS
A2: Tableau de bord Revenue Management - Année 2026
A4: PROFIL DE L'ÉTABLISSEMENT | G4: PERFORMANCE ANNUELLE 2026
A5: Catégorie: | B5: 5 étoiles Palace | G5: RevPAR Moyen | H5: ='Données Annuelles'!L14 -> 283.67244
A6: Localisation: | B6: Promenade des Anglais, Nice | G6: ADR Moyen | H6: ='Données Annuelles'!M14 -> 0.46277778
A7: Capacité: | B7: 120 chambres | G7: Occupation Moyenne | H7: ='Données Annuelles'!N14 -> 192.97764
A8: Positionnement: | B8: Luxe balnéaire & MICE | G8: TRevPAR Moyen | H8: ='Données Annuelles'!O14 -> 0
A9: Ouverture annuelle: | B9: 12 mois | G9: CA Total Chambres | H9: ='Données Annuelles'!I14 -> 56711.795
G10: CA Total (+ F&B) | H10: ='Données Annuelles'!K14 -> 131.2773
A11: INVENTAIRE CHAMBRES
A12: Type | B12: Nombre | C12: Surface | D12: Rack Rate | E12: % Inventaire | G12: MIX SEGMENTS CLIENTÈLE
A13: Deluxe Jardin | B13: 50 | C13: 32 m² | D13: 280 | E13: =B13/120 -> 0.41666667 | G13: Segment | H13: % Nuitées | I13: ADR Moyen | J13: CA
A14: Deluxe Vue Mer | B14: 40 | C14: 38 m² | D14: 380 | E14: =B14/120 -> 0.33333333 | G14: Loisirs Individuel | H14: ='Analyse Segments'!C4 -> 0.42647059 | I14: ='Analyse Segments'!D4 -> 420 | J14: ='Analyse Segments'!E4 -> 6090000
A15: Junior Suite | B15: 20 | C15: 55 m² | D15: 520 | E15: =B15/120 -> 0.16666667 | G15: Corporate MICE | H15: ='Analyse Segments'!C5 -> 0.24117647 | I15: ='Analyse Segments'!D5 -> 380 | J15: ='Analyse Segments'!E5 -> 3116000
A16: Suite Prestige | B16: 10 | C16: 75 m² | D16: 850 | E16: =B16/120 -> 0.083333333 | G16: Groupes Loisirs | H16: ='Analyse Segments'!C6 -> 0.2 | I16: ='Analyse Segments'!D6 -> 340 | J16: ='Analyse Segments'!E6 -> 2312000
G17: OTA Transient | H17: ='Analyse Segments'!C7 -> 0.13235294 | I17: ='Analyse Segments'!D7 -> 395 | J17: ='Analyse Segments'!E7 -> 1777500

Sheet Données Annuelles
A1: DONNÉES HISTORIQUES & KPI MENSUELS - ANNÉE 2026
A3: Mois | B3: Saison | C3: Ch. Vendues | D3: Ch. Dispo | E3: Occupation | F3: ADR | G3: Revenus Ch. | H3: F&B | I3: Spa | J3: CA Total | K3: RevPAR | L3: ADR Calc | M3: Taux Occ | N3: TRevPAR
A4: Janvier | B4: Basse | C4: 1816 | D4: 3600 | E4: 0.50463611 | F4: 280.55297 | G4: 509484.2 | H4: 178319.47 | I4: 61138.103 | J4: 748941.77 | K4: =G4/D4 -> 141.52339 | L4: =G4/C4 -> 280.55297 | M4: =C4/D4 -> 0.50444444 | N4: =J4/D4 -> 208.03938
A5: Février | B5: Basse | C5: 1755 | D5: 3600 | E5: 0.48765491 | F5: 275.58846 | G5: 483657.75 | H5: 169280.21 | I5: 58038.93 | J5: 710976.9 | K5: =G5/D5 -> 134.34938 | L5: =G5/C5 -> 275.58846 | M5: =C5/D5 -> 0.4875 | N5: =J5/D5 -> 197.49358
A6: Mars | B6: Moyenne | C6: 2331 | D6: 3600 | E6: 0.64771832 | F6: 313.92573 | G6: 731760.89 | H6: 256116.31 | I6: 87811.307 | J6: 1075688.5 | K6: =G6/D6 -> 203.26691 | L6: =G6/C6 -> 313.92573 | M6: =C6/D6 -> 0.6475 | N6: =J6/D6 -> 298.80236
A7: Avril | B7: Haute | C7: 2968 | D7: 3600 | E7: 0.8244574 | F7: 410.17426 | G7: 1217397.2 | H7: 426089.02 | I7: 146087.66 | J7: 1789573.9 | K7: =G7/D7 -> 338.16589 | L7: =G7/C7 -> 410.17426 | M7: =C7/D7 -> 0.82444444 | N7: =J7/D7 -> 497.10386
A8: Mai | B8: Haute | C8: 3001 | D8: 3600 | E8: 0.83376484 | F8: 405.23011 | G8: 1216095.5 | H8: 425633.44 | I8: 145931.47 | J8: 1787660.5 | K8: =G8/D8 -> 337.80432 | L8: =G8/C8 -> 405.23011 | M8: =C8/D8 -> 0.83361111 | N8: =J8/D8 -> 496.57235
A9: Juin | B9: Très Haute | C9: 3317 | D9: 3600 | E9: 0.92165981 | F9: 509.87222 | G9: 1691246.2 | H9: 591936.15 | I9: 202949.54 | J9: 2486131.8 | K9: =G9/D9 -> 469.7906 | L9: =G9/C9 -> 509.87222 | M9: =C9/D9 -> 0.92138889 | N9: =J9/D9 -> 690.59218
A10: Juillet | B10: Très Haute | C10: 3374 | D10: 3600 | E10: 0.93742098 | F10: 483.95457 | G10: 1632862.7 | H10: 571501.95 | I10: 195943.53 | J10: 2400308.2 | K10: =G10/D10 -> 453.57298 | L10: =G10/C10 -> 483.95457 | M10: =C10/D10 -> 0.93722222 | N10: =J10/D10 -> 666.75228
A11: Août | B11: Très Haute | C11: 3463 | D11: 3600 | E11: 0.96210937 | F11: 483.27179 | G11: 1673570.2 | H11: 585749.57 | I11: 200828.42 | J11: 2460148.2 | K11: =G11/D11 -> 464.88061 | L11: =G11/C11 -> 483.27179 | M11: =C11/D11 -> 0.96194444 | N11: =J11/D11 -> 683.3745
A12: Septembre | B12: Haute | C12: 3078 | D12: 3600 | E12: 0.855025 | F12: 387.12019 | G12: 1191555.9 | H12: 417044.58 | I12: 142986.71 | J12: 1751587.2 | K12: =G12/D12 -> 330.98776 | L12: =G12/C12 -> 387.12019 | M12: =C12/D12 -> 0.855 | N12: =J12/D12 -> 486.55201
A13: Octobre | B13: Haute | C13: 2845 | D13: 3600 | E13: 0.79050504 | F13: 396.41454 | G13: 1127799.4 | H13: 394729.78 | I13: 135335.92 | J13: 1657865.1 | K13: =G13/D13 -> 313.2776 | L13: =G13/C13 -> 396.41454 | M13: =C13/D13 -> 0.79027778 | N13: =J13/D13 -> 460.51808
A14: Novembre | B14: Basse | C14: 1666 | D14: 3600 | E14: 0.46285631 | F14: 283.67244 | G14: 472598.29 | H14: 165409.4 | I14: 56711.795 | J14: 694719.49 | K14: =G14/D14 -> 131.2773 | L14: =G14/C14 -> 283.67244 | M14: =C14/D14 -> 0.46277778 | N14: =J14/D14 -> 192.97764
A15: Décembre | B15: Basse | C15: 1849 | D15: 3600 | E15: 0.51386323 | F15: 250.44674 | G15: 463076.03 | H15: 162076.61 | I15: 55569.123 | J15: 680721.76 | K15: =G15/D15 -> 128.63223 | L15: =G15/C15 -> 250.44674 | M15: =C15/D15 -> 0.51361111 | N15: =J15/D15 -> 189.08938
A16: TOTAL / MOYENNE | C16: =SUM(C4:C15) -> 31463 | D16: =SUM(D4:D15) -> 43200 | E16: =AVERAGE(E4:E15) -> 0.72847261 | F16: =AVERAGE(F4:F15) -> 373.352 | G16: =SUM(G4:G15) -> 12411104 | H16: =SUM(H4:H15) -> 4343886.5 | I16: =SUM(I4:I15) -> 1489332.5 | J16: =SUM(J4:J15) -> 18244323 | K16: =AVERAGE(K4:K15) -> 287.29408 | L16: =AVERAGE(L4:L15) -> 373.352 | M16: =AVERAGE(M4:M15) -> 0.72831019 | N16: =AVERAGE(N4:N15) -> 422.3223

Sheet Analyse Segments
A1: ANALYSE DE SEGMENTATION CLIENTÈLE
A3: Segment | B3: Nuitées | C3: % Mix | D3: ADR Moyen | E3: CA Total | F3: RevPAR Contrib.
A4: Loisirs Individuel (OTA + Direct) | B4: 14500 | C4: =B4/34000 -> 0.42647059 | D4: 420 | E4: =B4*D4 -> 6090000 | F4: =E4/SUM(E$4:E$7) -> 0.45804972
A5: Corporate MICE (Séminaires) | B5: 8200 | C5: =B5/34000 -> 0.24117647 | D5: 380 | E5: =B5*D5 -> 3116000 | F5: =E5/SUM(E$4:E$7) -> 0.23436501
A6: Groupes Loisirs (TO) | B6: 6800 | C6: =B6/34000 -> 0.2 | D6: 340 | E6: =B6*D6 -> 2312000 | F6: =E6/SUM(E$4:E$7) -> 0.17389342
A7: OTA Transient (Last Minute) | B7: 4500 | C7: =B7/34000 -> 0.13235294 | D7: 395 | E7: =B7*D7 -> 1777500 | F7: =E7/SUM(E$4:E$7) -> 0.13369185
A8: TOTAL | B8: =SUM(B4:B7) -> 34000 | C8: 100% | E8: =SUM(E4:E7) -> 13295500 | F8: 100%
A25: 💡 INSIGHTS STRATÉGIQUES
A26: • Loisirs Individuel = 43% du mix → Segment principal, ADR le plus élevé (420€)
A27: • Corporate MICE = Forte valeur (380€ ADR) → Développer offres team-building
A28: • Groupes Loisirs = Volume important mais ADR moyen → Packages upgrades à pousser
A29: • OTA Transient = Last-minute, ADR correct → Optimiser yield restrictions (J-7)

Sheet Calendrier Pricing Juillet
A1: CALENDRIER PRICING DYNAMIQUE - JUILLET 2026 (TRÈS HAUTE SAISON)
A3: Date | B3: Jour | C3: Événement | D3: Deluxe Jardin | E3: Deluxe Vue Mer | F3: Junior Suite | G3: Suite Prestige | H3: Occup. Prev | I3: Demande | J3: Stratégie
A4: 01/07 | B4: Mer | D4: 436 | E4: 598 | F4: 781 | G4: 1092 | H4: 0.92 | I4: 88 | J4: Premium
A5: 02/07 | B5: Jeu | D5: 436 | E5: 598 | F5: 781 | G5: 1092 | H5: 0.92 | I5: 88 | J5: Premium
A6: 03/07 | B6: Ven | D6: 475 | E6: 650 | F6: 850 | G6: 1187 | H6: 0.95 | I6: 95 | J6: Ultra Premium
A7: 04/07 | B7: Sam | D7: 475 | E7: 650 | F7: 850 | G7: 1187 | H7: 0.95 | I7: 95 | J7: Ultra Premium
A8: 05/07 | B8: Dim | D8: 399 | E8: 546 | F8: 714 | G8: 997 | H8: 0.88 | I8: 82 | J8: Optimisation
A9: 06/07 | B9: Lun | D9: 436 | E9: 598 | F9: 781 | G9: 1092 | H9: 0.92 | I9: 88 | J9: Premium
A10: 07/07 | B10: Mar | D10: 436 | E10: 598 | F10: 781 | G10: 1092 | H10: 0.92 | I10: 88 | J10: Premium
A11: 08/07 | B11: Mer | D11: 436 | E11: 598 | F11: 781 | G11: 1092 | H11: 0.92 | I11: 88 | J11: Premium
A12: 09/07 | B12: Jeu | D12: 436 | E12: 598 | F12: 781 | G12: 1092 | H12: 0.92 | I12: 88 | J12: Premium
A13: 10/07 | B13: Ven | D13: 475 | E13: 650 | F13: 850 | G13: 1187 | H13: 0.95 | I13: 95 | J13: Ultra Premium
A14: 11/07 | B14: Sam | D14: 475 | E14: 650 | F14: 850 | G14: 1187 | H14: 0.95 | I14: 95 | J14: Ultra Premium
A15: 12/07 | B15: Dim | D15: 399 | E15: 546 | F15: 714 | G15: 997 | H15: 0.88 | I15: 82 | J15: Optimisation
A16: 13/07 | B16: Lun | D16: 436 | E16: 598 | F16: 781 | G16: 1092 | H16: 0.92 | I16: 88 | J16: Premium
A17: 14/07 | B17: Mar | C17: Festival Jazz Nice | D17: 475 | E17: 650 | F17: 850 | G17: 1187 | H17: 0.97 | I17: 98 | J17: Ultra Premium
A18: 15/07 | B18: Mer | C18: Festival Jazz Nice | D18: 475 | E18: 650 | F18: 850 | G18: 1187 | H18: 0.97 | I18: 98 | J18: Ultra Premium
A19: 16/07 | B19: Jeu | D19: 436 | E19: 598 | F19: 781 | G19: 1092 | H19: 0.92 | I19: 88 | J19: Premium
A20: 17/07 | B20: Ven | D20: 475 | E20: 650 | F20: 850 | G20: 1187 | H20: 0.95 | I20: 95 | J20: Ultra Premium
A21: 18/07 | B21: Sam | D21: 475 | E21: 650 | F21: 850 | G21: 1187 | H21: 0.95 | I21: 95 | J21: Ultra Premium
A22: 19/07 | B22: Dim | D22: 399 | E22: 546 | F22: 714 | G22: 997 | H22: 0.88 | I22: 82 | J22: Optimisation
A23: 20/07 | B23: Lun | D23: 436 | E23: 598 | F23: 781 | G23: 1092 | H23: 0.92 | I23: 88 | J23: Premium
A24: 21/07 | B24: Mar | D24: 436 | E24: 598 | F24: 781 | G24: 1092 | H24: 0.92 | I24: 88 | J24: Premium
A25: 22/07 | B25: Mer | D25: 436 | E25: 598 | F25: 781 | G25: 1092 | H25: 0.92 | I25: 88 | J25: Premium
A26: 23/07 | B26: Jeu | D26: 436 | E26: 598 | F26: 781 | G26: 1092 | H26: 0.92 | I26: 88 | J26: Premium
A27: 24/07 | B27: Ven | C27: Fireworks Monaco | D27: 475 | E27: 650 | F27: 850 | G27: 1187 | H27: 0.97 | I27: 98 | J27: Ultra Premium
A28: 25/07 | B28: Sam | C28: Yacht Show Cannes | D28: 475 | E28: 650 | F28: 850 | G28: 1187 | H28: 0.97 | I28: 98 | J28: Ultra Premium
A29: 26/07 | B29: Dim | D29: 399 | E29: 546 | F29: 714 | G29: 997 | H29: 0.88 | I29: 82 | J29: Optimisation
A30: 27/07 | B30: Lun | D30: 436 | E30: 598 | F30: 781 | G30: 1092 | H30: 0.92 | I30: 88 | J30: Premium
A31: 28/07 | B31: Mar | D31: 436 | E31: 598 | F31: 781 | G31: 1092 | H31: 0.92 | I31: 88 | J31: Premium
A32: 29/07 | B32: Mer | D32: 436 | E32: 598 | F32: 781 | G32: 1092 | H32: 0.92 | I32: 88 | J32: Premium
A33: 30/07 | B33: Jeu | D33: 436 | E33: 598 | F33: 781 | G33: 1092 | H33: 0.92 | I33: 88 | J33: Premium
A34: 31/07 | B34: Ven | D34: 475 | E34: 650 | F34: 850 | G34: 1187 | H34: 0.95 | I34: 95 | J34: Ultra Premium

Sheet Forecast 6 Mois
A1: PRÉVISIONS REVENUE - JUILLET À DÉCEMBRE 2026
A3: Mois | B3: Saison | C3: Occup. Prev | D3: ADR Prev | E3: RevPAR Prev | F3: CA Ch. Prev | G3: F&B Prev | H3: CA Total Prev | I3: Confiance | J3: Risque
A4: Juillet | B4: Très Haute | C4: 0.94 | D4: 495 | E4: 465.3 | F4: 1675080 | G4: 586278 | H4: 2261358 | I4: Élevée | J4: Faible
A5: Août | B5: Très Haute | C5: 0.95 | D5: 510 | E5: 484.5 | F5: 1744200 | G5: 610470 | H5: 2354670 | I5: Élevée | J5: Faible
A6: Septembre | B6: Haute | C6: 0.82 | D6: 400 | E6: 328 | F6: 1180800 | G6: 413280 | H6: 1594080 | I6: Moyenne | J6: Modéré
A7: Octobre | B7: Haute | C7: 0.76 | D7: 365 | E7: 277.4 | F7: 998640 | G7: 349524 | H7: 1348164 | I7: Moyenne | J7: Modéré
A8: Novembre | B8: Basse | C8: 0.52 | D8: 270 | E8: 140.4 | F8: 505440 | G8: 176904 | H8: 682344 | I8: Moyenne | J8: Modéré
A9: Décembre | B9: Basse | C9: 0.48 | D9: 255 | E9: 122.4 | F9: 440640 | G9: 154224 | H9: 594864 | I9: Faible | J9: Élevé

Sheet CompSet Analysis
A1: ANALYSE CONCURRENCE - COMPSET CÔTE D'AZUR
A3: Hôtel | B3: Catégorie | C3: Chambres | D3: RevPAR (Juil) | E3: Occupation (Juil) | F3: ADR (Juil) | G3: Position MPI | H3: Notes TripAdvisor
A4: Le Rivage (NOTRE HÔTEL) | B4: 5★ | C4: 120 | D4: 465 | E4: 0.94 | F4: 495 | G4: - | H4: 4.6/5
A5: Hôtel Negresco | B5: 5★ Palace | C5: 145 | D5: 520 | E5: 0.96 | F5: 542 | G5: Leader | H5: 4.7/5
A6: Le Méridien Nice | B6: 4★ Sup | C6: 318 | D6: 380 | E6: 0.88 | F6: 432 | G6: Concurrent | H6: 4.4/5
A7: Boscolo Exedra Nice | B7: 5★ | C7: 160 | D7: 410 | E7: 0.91 | F7: 451 | G7: Concurrent | H7: 4.5/5
A9: MARKET POSITIONING INDEX (MPI)
A10: Notre RevPAR: | B10: =D4 -> 465
A11: CompSet Moyen: | B11: =AVERAGE(D5:D7) -> 436.66667
A12: MPI (Index): | B12: =B10/B11 -> 1.0648855
A13: Interprétation: | B13: =IF(B12>1.05,"Fair Share Supérieur ✓",IF(B12<0.95,"Sous-performance","Fair Share Normal")) -> Fair Share Supérieur ✓
